<?xml version="1.0" encoding="utf-8"?>
<productAdditionalComps>
   <dependsOn>
      <component>
         <name>OceanFluxBudget</name>
         <locale/>
         <platformList>
            <platform>maci64</platform>
         </platformList>
         <version>3.3</version>
      </component>
   </dependsOn>
   <isControllingProduct>true</isControllingProduct>
   <platform>maci64</platform>
   <productName>OceanFluxBudget</productName>
   <productNumber>5000</productNumber>
   <productBaseCode>OceanFluxBudget</productBaseCode>
   <productVersion>3.3</productVersion>
   <releaseFamily>R2023a</releaseFamily>
   <releaseDescription>R2023a</releaseDescription>
</productAdditionalComps>