<?xml version="1.0" encoding="utf-8"?>
<ApplicationInstallerManifest>
   <DefaultInstallationDirectory>/Applications/OceanFluxBudget/</DefaultInstallationDirectory>
   <ApplicationName>OceanFluxBudget</ApplicationName>
   <ExecutableName>application/OceanFluxBudget.exe</ExecutableName>
   <GUID>63c7bd60-a168-4d2f-a491-6862b8d172fa</GUID>
   <ApplicationIcon>default_icon_48.png</ApplicationIcon>
   <Logo>default_logo.png</Logo>
   <Version>2.1</Version>
   <WelcomePanelText>OceanFluxBudget 2.1
Thomas Haine
Thomas.Haine@jhu.edu</WelcomePanelText>
   <MCRProducts>
      <MCRProduct>
         <ExternalProductIdentifier>35002</ExternalProductIdentifier>
      </MCRProduct>
      <MCRProduct>
         <ExternalProductIdentifier>35003</ExternalProductIdentifier>
      </MCRProduct>
      <MCRProduct>
         <ExternalProductIdentifier>35010</ExternalProductIdentifier>
      </MCRProduct>
   </MCRProducts>
</ApplicationInstallerManifest>