<?xml version="1.0" encoding="utf-8"?>
<ApplicationInstallerManifest>
   <DefaultInstallationDirectory>/Applications/OceanFluxBudget/</DefaultInstallationDirectory>
   <ApplicationName>OceanFluxBudget</ApplicationName>
   <ExecutableName>application/OceanFluxBudget.exe</ExecutableName>
   <GUID>1c29ebb1-201e-490b-b4b0-10c812d0c157</GUID>
   <ApplicationIcon>default_icon_48.png</ApplicationIcon>
   <Logo>default_logo.png</Logo>
   <Version>2.0</Version>
   <WelcomePanelText>OceanFluxBudget 2.0
Thomas Haine
Thomas.Haine@jhu.edu</WelcomePanelText>
   <MCRProducts>
      <MCRProduct>
         <ExternalProductIdentifier>35002</ExternalProductIdentifier>
      </MCRProduct>
      <MCRProduct>
         <ExternalProductIdentifier>35003</ExternalProductIdentifier>
      </MCRProduct>
      <MCRProduct>
         <ExternalProductIdentifier>35010</ExternalProductIdentifier>
      </MCRProduct>
   </MCRProducts>
</ApplicationInstallerManifest>