<?xml version="1.0" encoding="utf-8"?>
<ApplicationInstallerManifest>
   <DefaultInstallationDirectory>/Applications/OceanFluxBudget/</DefaultInstallationDirectory>
   <ApplicationName>OceanFluxBudget</ApplicationName>
   <ExecutableName>application/OceanFluxBudget.exe</ExecutableName>
   <GUID>0a8f3f60-d53b-4ff0-90b5-fb2f04a63044</GUID>
   <ApplicationIcon>icon_48.png</ApplicationIcon>
   <Logo>logo5183272737262290040.png</Logo>
   <Version>3.3</Version>
   <WelcomePanelText>OceanFluxBudget 3.3
Thomas Haine
Thomas.Haine@jhu.edu</WelcomePanelText>
   <MCRProducts>
      <MCRProduct>
         <ExternalProductIdentifier>35002</ExternalProductIdentifier>
      </MCRProduct>
      <MCRProduct>
         <ExternalProductIdentifier>35003</ExternalProductIdentifier>
      </MCRProduct>
      <MCRProduct>
         <ExternalProductIdentifier>35010</ExternalProductIdentifier>
      </MCRProduct>
   </MCRProducts>
</ApplicationInstallerManifest>