<?xml version="1.0" encoding="utf-8"?>
<ApplicationInstallerManifest>
   <DefaultInstallationDirectory>/Applications/OceanFluxBudget/</DefaultInstallationDirectory>
   <ApplicationName>OceanFluxBudget</ApplicationName>
   <ExecutableName>application/OceanFluxBudget.exe</ExecutableName>
   <GUID>83b56bfa-8a5a-48cd-b928-c88ddf82df31</GUID>
   <ApplicationIcon>icon_48.png</ApplicationIcon>
   <Logo>logo1895960259464945922.png</Logo>
   <Version>3.2</Version>
   <WelcomePanelText>OceanFluxBudget 3.2
Thomas Haine
Thomas.Haine@jhu.edu</WelcomePanelText>
   <MCRProducts>
      <MCRProduct>
         <ExternalProductIdentifier>35002</ExternalProductIdentifier>
      </MCRProduct>
      <MCRProduct>
         <ExternalProductIdentifier>35003</ExternalProductIdentifier>
      </MCRProduct>
      <MCRProduct>
         <ExternalProductIdentifier>35010</ExternalProductIdentifier>
      </MCRProduct>
   </MCRProducts>
</ApplicationInstallerManifest>