<?xml version="1.0" encoding="utf-8"?>
<ApplicationInstallerManifest>
   <DefaultInstallationDirectory>/Applications/OceanFluxBudget/</DefaultInstallationDirectory>
   <ApplicationName>OceanFluxBudget</ApplicationName>
   <ExecutableName>application/OceanFluxBudget.exe</ExecutableName>
   <GUID>73837825-77d7-4f6c-a190-64cc3d486b9f</GUID>
   <ApplicationIcon>default_icon_48.png</ApplicationIcon>
   <Logo>default_logo.png</Logo>
   <Version>3.1</Version>
   <WelcomePanelText>OceanFluxBudget 3.1
Thomas Haine
Thomas.Haine@jhu.edu</WelcomePanelText>
   <MCRProducts>
      <MCRProduct>
         <ExternalProductIdentifier>35002</ExternalProductIdentifier>
      </MCRProduct>
      <MCRProduct>
         <ExternalProductIdentifier>35003</ExternalProductIdentifier>
      </MCRProduct>
      <MCRProduct>
         <ExternalProductIdentifier>35010</ExternalProductIdentifier>
      </MCRProduct>
   </MCRProducts>
</ApplicationInstallerManifest>